sc,general,taiwan,chosen,count,example
概率,概率,機率,機率,25,即使最后能交楼（概率不大），你也不是
博客,博客,部落格,網誌,13,李新野的个人中文博客。分别为《论中学
比特,比特,位元,比特,12,人民币要去买一个比特币，然后说她认识
比特币,比特幣,比特幣,比特幣,12,人民币要去买一个比特币，然后说她认识谁
对象,對象,物件 對象,對象,8,下的大叔阿姨，找对象和菜市场买菜、猪
宏,宏,宏 巨集,宏,7,你的目标没有如此宏大，其实也可以：
硅,硅,矽,矽,7,业后我也在美国的硅谷的科技公司工作
程序,程序,程式,程式,7,山区去张江当初级程序员的小妹妹出去玩
地址,地址,地址 位址,地址,6,igure}  地址：广东省汕头市东
默认,默認,預設,預設,6,个国家，基本就是默认就是赠予房产价值
代码,代碼,程式碼 代碼,程式碼,5,始复制公司策略和代码，而且研究他不应
支持,支持,支援,支持,5,，他会毫不犹豫地支持。所以这个时候，
联系,聯繫,聯絡,聯繫,5,``社会底层''联系在一起的城市底层
视频,視頻,影片 視訊,影片,5,窗外被邻居拍到的视频，有几十万人点赞
程序员,程序員,程式設計師,程式設計師,4,山区去张江当初级程序员的小妹妹出去玩，
链接,鏈接,連結,連結,4,{李新野博客原文链接：https:/
信息,信息,資訊,資訊,3,% 全书元信息（版本、作者等）
奔驰,奔馳,賓士,賓士,3,的车，我买了一辆奔驰S级轿车，每天开
性价比,性價比,價效比,性價比,3,年轻中国男人，是性价比极高的一个选择。
打开,打開,開啟 打開,打開,3,行为也十分常见，打开电视都是婚前意外
声明,聲明,宣告,聲明,3,庭暴力}  首先声明，无论是在中国还
互联网,互聯網,網際網路,網際網路,2,婚的新闻。当时在互联网上受到了很多女权
优化,優化,最佳化,優化,2,政治等博弈机制以优化利润（profi
出租车,出租車,計程車,計程車,2,回福田了。当时在出租车上，看着购物公园
字体,字體,字型,字型,2,%数学符号字体库宏包套件，它包
数字,數字,數字 數位,數字,2,学，看到那串余额数字和数字背后的哈希
数据,數據,資料 數據,資料,2,时出现在公安局的数据库，这个数据库很
数据库,數據庫,資料庫,資料庫,2,时出现在公安局的数据库，这个数据库很容
窗口,窗口,視窗,視窗,2,个检测都有各自的窗口期，也就是感染后
笔记本电脑,筆記本電腦,筆記型電腦,手提電腦,2,我一个人带着一台笔记本电脑全世界边旅游边创
网络,網絡,網路,網路,2,尤其是前三篇，在网络上受到热烈欢迎。
设置,設置,設定,設定,2,== %  全局设置 %  其中书名
软件,軟件,軟體,軟體,2,没有更新过的择偶软件。  \sect
项目,項目,專案,專案,2,年前，猪精房地产项目烂尾了，资金链断
人工智能,人工智能,人工智慧,人工智能,1,券等公司。 现为人工智能量化交易公司阿尔
位图,位圖,點陣圖,位圖,1,icali教授两位图灵奖得主学习、研
优先级,優先級,優先順序,優先級,1,一点财产。而这的优先级其实是属于最后的
内存,內存,記憶體,記憶體,1,ootnote{内存复制}似的说出一
全局,全局,全域性,全局,1,==== %  全局设置 %  其中
函数,函數,函式,函數,1,和金钱$w_i$函数$p_i(t_i
刷新,刷新,重新整理,刷新,1,量的比例，一直在刷新美国200多年历
咖喱,咖喱,咖哩,咖喱,1,}（Pho）或者咖喱鸡饭（Chick
哈希,哈希,雜湊,雜湊,1,数字和数字背后的哈希值，都是面无表情
塑料,塑料,塑膠,塑膠,1,了一个所谓高科技塑料厂，血本无归。于
审核,審覈,稽核,審覈,1,平台对普法视频的审核标准只有一个：维
导出,導出,匯出,導出,1,1}，很容易也推导出以下定理。  \
局部,局部,區域性,局部,1,均衡策略理解为（局部稳定）最优策略。
循环,循環,迴圈 循環,循環,1,，可能会造成血液循环受阻等危害身体的
扩展,擴展,擴充套件,擴展,1,raphics的扩展宏包 \usep
文件,文件,檔案,文件,1,公司内部商业机密文件。在公司发现高亢
文档,文檔,文件,文件,1,号都不出错的技术文档或者操作手册——
智能,智能,智慧,智能,1,公司。 现为人工智能量化交易公司阿尔
权限,權限,許可權,權限,1,，迅速解雇、切断权限、逮捕、起诉，一
用户,用戶,使用者,使用者,1,视吗？当然，知乎用户大部分是城市打工
发布,發佈,釋出,發佈,1,% 版本日期（发布时间） \new
的士,的士,計程車,的士,1,能拥有比敌人更强的士气。  一般如果
短信,短信,簡訊,簡訊,1,）。她整天给我发短信、微信、What
纳米,納米,奈米,奈米,1,毅教授的上海大学纳米技术研究中心，跟
绑定,綁定,繫結,綁定,1,不断地确认是否能绑定一个强大的男人，
自行车,自行車,腳踏車,腳踏車,1,年东北大下岗骑着自行车把老婆送去卖淫的
英伟达,英偉達,輝達,輝達,1,在2009年卖飞英伟达的股市韭菜。
万象,萬象,永珍,萬象,1,一次，我在深圳湾万象城的至正潮菜宴请
计算机科学,計算機科學,電腦科學,電腦科學,1,。毕业于清华大学计算机科学实验班（又称为姚
访问,訪問,訪問 存取,訪問,1,烈欢迎。  可以访问李新野的个人中文
连接,連接,連線,連接,1,感觉。  那如何连接上这两个看似矛盾
高级,高級,高階 進階 高級,高級,1,在美国人人尊敬的高级研发工程师回到国
